src_ip,packet_count,avg_packet_size,most_used_protocol,label
103.180.115.15,20,532.4,TCP,0
103.43.89.4,204,729.3333333333334,TCP,0
103.43.90.115,114,259.4122807017544,TCP,0
103.43.90.116,38,690.8947368421053,TCP,0
103.43.90.21,22,252.1818181818182,TCP,0
103.43.91.17,114,503.7280701754386,TCP,0
104.17.126.52,765,1102.6588235294118,QUIC,0
104.18.141.67,3532,852.6132502831257,QUIC,0
104.18.24.18,24,472.7916666666667,TLSv1.3,0
104.18.26.193,82,465.2926829268293,QUIC,0
104.18.27.193,56,514.5178571428571,TLSv1.3,0
104.18.32.137,11,455.0,TCP,0
104.18.37.185,23,430.6521739130435,QUIC,0
104.208.16.88,1,54.0,TCP,0
104.208.16.92,18,328.8333333333333,TCP,0
104.208.16.95,155,543.7870967741935,TCP,0
104.21.13.187,13,360.38461538461536,TCP,0
104.21.77.211,2,66.0,TCP,0
104.215.41.138,29,618.8275862068965,TCP,0
104.22.5.65,2,66.0,TCP,0
104.26.13.201,14,341.92857142857144,TCP,0
104.26.9.169,12,461.8333333333333,TCP,0
108.174.10.31,7,66.0,TCP,0
129.227.213.243,48,533.4583333333334,TCP,0
13.107.246.72,9,111.44444444444444,TLSv1.3,0
13.107.5.93,28,590.8928571428571,TCP,0
13.107.6.158,115,248.66086956521738,TLSv1.3,0
13.126.122.242,16,426.9375,TLSv1.3,0
13.216.94.185,13,430.0,TLSv1.2,0
13.250.83.4,19,348.2631578947368,TLSv1.2,0
13.35.20.126,137,1242.065693430657,TCP,0
13.35.20.78,10,563.1,TCP,0
13.35.20.84,10,561.3,TCP,0
13.69.239.73,92,458.1847826086956,TCP,0
13.70.79.200,284,244.84154929577466,TCP,0
130.211.23.194,41,444.390243902439,TCP,0
139.99.123.108,12,723.0833333333334,TCP,0
139.99.123.206,12,707.0833333333334,TCP,0
139.99.69.240,28,785.9642857142857,TCP,0
141.226.229.48,14,403.7857142857143,TLSv1.2,0
142.250.182.164,26,400.8076923076923,TCP,0
142.250.183.98,235,343.4297872340426,QUIC,0
142.250.192.194,20,516.2,QUIC,0
142.250.192.2,37,742.1621621621622,QUIC,0
142.250.192.66,65,322.03076923076924,QUIC,0
142.250.192.99,35,126.62857142857143,TCP,0
142.250.194.162,28,595.0714285714286,QUIC,0
142.250.194.206,44,949.0227272727273,TCP,0
142.250.194.230,8,873.625,TCP,0
142.250.194.66,11,555.5454545454545,QUIC,0
142.250.71.102,38,547.921052631579,TCP,0
142.250.71.98,22,746.0,QUIC,0
142.250.77.196,28,474.85714285714283,TCP,0
142.250.77.226,39,648.974358974359,QUIC,0
142.251.220.10,21,659.5238095238095,TLSv1.3,0
142.251.220.34,25,634.72,QUIC,0
142.251.220.70,20,65.4,TCP,0
142.251.223.102,72,377.3888888888889,QUIC,0
142.251.223.110,8,64.5,TCP,0
143.204.98.38,6,66.0,TCP,0
146.75.122.172,5,97.0,TCP,0
148.113.35.213,1,54.0,TCP,0
15.197.193.217,45,293.02222222222224,TLSv1.2,0
15.197.196.10,11,397.54545454545456,TCP,0
15.206.16.193,45,481.53333333333336,TLSv1.3,0
15.207.92.215,15,446.3333333333333,TLSv1.3,0
150.171.27.11,7,61.42857142857143,TCP,0
150.171.28.11,11,635.4545454545455,TCP,0
157.90.33.68,85,693.1647058823529,TCP,0
162.247.243.29,104,409.02884615384613,TCP,0
165.22.102.33,73,269.3424657534247,TCP,0
172.240.108.84,11,59.45454545454545,TCP,0
172.240.253.132,40,276.175,TCP,0
172.241.48.108,6,549.5,TCP,0
172.241.48.116,67,421.0149253731343,TCP,0
172.241.48.242,27,427.037037037037,TCP,0
172.241.48.252,13,297.7692307692308,TCP,0
172.64.146.152,150,1031.0666666666666,QUIC,0
172.64.146.197,78,760.2307692307693,QUIC,0
172.64.150.63,17,394.8235294117647,TLSv1.3,0
18.139.40.15,19,429.63157894736844,TCP,0
18.155.107.32,1656,1248.7324879227053,QUIC,0
18.155.107.73,5,429.4,TCP,0
18.164.144.37,5,403.4,TCP,0
18.164.144.6,42,1224.857142857143,TCP,0
18.196.202.236,15,389.4,TLSv1.2,0
18.67.233.96,14,479.35714285714283,TCP,0
182.161.73.132,36,332.3888888888889,TLSv1.3,0
182.161.73.146,31,453.3225806451613,TCP,0
182.161.73.165,11,131.27272727272728,TCP,0
185.184.8.90,149,390.32214765100673,TCP,0
185.196.197.71,89,1148.1685393258426,TCP,0
185.196.197.72,8,527.625,TCP,0
185.84.60.20,18,559.3888888888889,TLSv1.3,0
192.168.29.1,1863,163.54589371980677,TCP,0
192.168.29.149,116,203.98275862068965,IGMPv3,0
192.168.29.237,1188,221.93013468013467,UDP,0
192.168.29.238,35010,281.6626392459297,TCP,1
192.168.29.56,57,46.0,IGMPv2,0
192.243.59.12,116,909.198275862069,TCP,0
192.243.59.20,74,706.8918918918919,TCP,0
192.243.61.225,4,60.0,TCP,0
192.243.61.227,63,411.7142857142857,TCP,0
198.8.71.130,19,769.578947368421,TCP,0
199.232.101.108,31,880.8709677419355,TLSv1.2,0
199.232.102.167,116,1299.6120689655172,TCP,0
199.232.102.214,211,894.3080568720379,QUIC,0
2.22.177.47,204,1397.4754901960785,TCP,0
20.119.144.5,58,504.01724137931035,TCP,0
20.189.173.16,86,539.2093023255813,TCP,0
20.189.173.17,51,470.29411764705884,TCP,0
20.189.173.2,141,499.9078014184397,TCP,0
20.189.173.23,30,521.6666666666666,TCP,0
20.189.173.5,154,315.2012987012987,TCP,0
20.190.145.142,17,1042.4705882352941,TCP,0
20.194.184.156,77,683.1168831168832,TCP,0
20.198.167.116,226,644.7433628318585,TCP,0
20.210.166.59,29,640.1724137931035,TCP,0
20.42.65.91,1,54.0,TCP,0
20.42.65.94,135,378.6148148148148,TCP,0
20.42.73.25,255,384.5372549019608,TCP,0
20.42.73.28,115,370.37391304347824,TCP,0
20.50.73.10,59,531.0677966101695,TCP,0
2001:4860:4802:32::181,53,561.2075471698113,QUIC,0
2001:4860:4802:34::178,79,667.4177215189874,QUIC,0
2001:4860:4802:36::181,20,361.95,QUIC,0
2001:4c28:3000:622:107:167:110:216,978,1486.1339468302658,TCP,0
2001:df2:a300:bbbb::135,15,532.4,TCP,0
204.79.197.203,1796,777.8674832962138,QUIC,0
204.79.197.219,191,418.9005235602094,TCP,0
206.189.34.215,20,389.6,TCP,0
207.115.81.2,64,583.171875,TCP,0
207.91.251.91,29,436.7586206896552,TCP,0
23.109.121.157,6,548.8333333333334,TCP,0
23.109.121.174,12,386.9166666666667,TCP,0
23.109.121.182,43,387.4651162790698,TCP,0
23.109.121.187,22,567.6818181818181,TCP,0
23.109.121.242,18,604.3888888888889,TCP,0
23.109.121.37,17,534.0,TCP,0
23.109.121.38,26,1286.423076923077,TCP,0
23.109.121.45,26,1285.576923076923,TCP,0
23.109.121.51,7,481.85714285714283,TCP,0
23.109.121.59,22,409.1818181818182,TCP,0
23.109.121.62,16,598.25,TCP,0
23.109.135.170,16,267.0,TCP,0
23.109.135.172,28,482.89285714285717,TCP,0
23.109.135.188,26,457.88461538461536,TCP,0
23.109.135.19,18,394.3333333333333,TCP,0
23.109.135.194,7,488.85714285714283,TCP,0
23.109.135.20,16,569.3125,TCP,0
23.109.135.202,22,357.04545454545456,TCP,0
23.109.135.218,11,346.72727272727275,TCP,0
23.109.135.53,17,300.05882352941177,TCP,0
23.109.135.62,6,550.0,TCP,0
23.160.0.0,22,626.1363636363636,TLSv1.3,0
23.211.192.170,7,137.85714285714286,TCP,0
23.212.164.219,12,66.0,TCP,0
23.35.47.228,12,172.91666666666666,TCP,0
23.36.28.25,36,635.0833333333334,TCP,0
23.46.7.101,110,974.4636363636364,TCP,0
23.57.76.60,13,407.46153846153845,QUIC,0
23.88.8.123,29,472.2758620689655,TCP,0
23.88.8.125,14,305.14285714285717,TLSv1.2,0
2400:8901::f03c:95ff:feca:e32d,10,564.5,TLSv1.3,0
2404:6800:4002:802::2003,25,687.0,QUIC,0
2404:6800:4002:802::2008,515,1210.9864077669904,QUIC,0
2404:6800:4002:802::200a,42,500.45238095238096,QUIC,0
2404:6800:4002:803::2002,58,656.7413793103449,QUIC,0
2404:6800:4002:804::2002,91,544.3626373626373,QUIC,0
2404:6800:4002:804::2008,10,769.6,TCP,0
2404:6800:4002:804::200a,37,500.3783783783784,QUIC,0
2404:6800:4002:804::200e,27,767.3703703703703,QUIC,0
2404:6800:4002:807::2003,34,148.02941176470588,TCP,0
2404:6800:4002:807::200a,67,954.6865671641791,QUIC,0
2404:6800:4002:808::2001,44,782.9545454545455,QUIC,0
2404:6800:4002:808::2005,73,410.027397260274,TCP,0
2404:6800:4002:80a::2001,409,1134.8141809290953,QUIC,0
2404:6800:4002:80a::200e,16,497.75,QUIC,0
2404:6800:4002:80c::200e,381,818.8057742782153,QUIC,0
2404:6800:4002:80d::2001,101,899.4059405940594,TLSv1.3,0
2404:6800:4002:80d::2002,30,308.1,QUIC,0
2404:6800:4002:80e::2001,25,939.12,TLSv1.3,0
2404:6800:4002:80e::2003,61,648.2950819672132,QUIC,0
2404:6800:4002:80f::2001,15,782.2666666666667,QUIC,0
2404:6800:4002:80f::2002,122,395.3360655737705,QUIC,0
2404:6800:4002:80f::200e,28,654.3928571428571,QUIC,0
2404:6800:4002:810::2003,26,781.1538461538462,QUIC,0
2404:6800:4002:810::200a,23,709.5217391304348,QUIC,0
2404:6800:4002:810::200e,25,731.68,QUIC,0
2404:6800:4002:811::2002,337,946.2670623145401,QUIC,0
2404:6800:4002:812::2003,76,1027.157894736842,QUIC,0
2404:6800:4002:813::2002,223,338.86547085201795,QUIC,0
2404:6800:4002:813::2003,103,595.1650485436893,QUIC,0
2404:6800:4002:813::2004,589,916.5483870967741,QUIC,0
2404:6800:4002:813::200a,21,726.5238095238095,QUIC,0
2404:6800:4002:814::2002,61,505.3606557377049,QUIC,0
2404:6800:4002:814::2004,71,467.98591549295776,QUIC,0
2404:6800:4002:814::200a,56,701.8928571428571,QUIC,0
2404:6800:4002:815::2004,2382,938.3547439126784,QUIC,0
2404:6800:4002:816::2002,242,431.46280991735534,QUIC,0
2404:6800:4002:816::2006,11,691.1818181818181,TCP,0
2404:6800:4002:816::200e,128,827.46875,QUIC,0
2404:6800:4002:817::2001,19,625.7894736842105,TLSv1.3,0
2404:6800:4002:817::2003,372,1017.4677419354839,QUIC,0
2404:6800:4002:817::200e,84,662.8690476190476,QUIC,0
2404:6800:4002:81e::200e,103,783.6019417475728,QUIC,0
2404:6800:4002:81f::2001,15,437.6666666666667,QUIC,0
2404:6800:4002:81f::200e,2580,1268.212015503876,QUIC,0
2404:6800:4002:820::2002,114,440.6842105263158,QUIC,0
2404:6800:4002:823::2006,227,923.6431718061674,TLSv1.3,0
2404:6800:4002:824::2001,51,1100.3529411764705,TLSv1.3,0
2404:6800:4002:824::2002,39,448.6923076923077,QUIC,0
2404:6800:4002:824::2003,45,569.6444444444444,QUIC,0
2404:6800:4002:824::200e,105,953.495238095238,QUIC,0
2404:6800:4002:825::2002,850,1117.2529411764706,QUIC,0
2404:6800:4002:825::2006,303,1070.8910891089108,QUIC,0
2404:6800:4002:825::200e,155,580.6258064516129,QUIC,0
2404:6800:4002:826::2002,487,741.1293634496919,QUIC,0
2404:6800:4002:82b::2001,74,1184.7702702702702,QUIC,0
2404:6800:4002:82b::200a,25,385.04,QUIC,0
2404:6800:4002:82b::200e,502,833.4282868525896,QUIC,0
2404:6800:4003:c00::54,84,634.6666666666666,QUIC,0
2404:6800:4003:c02::77,17,615.0588235294117,TCP,0
2404:6800:4003:c04::54,33,453.8787878787879,QUIC,0
2404:6800:4003:c04::66,58,1058.4137931034484,QUIC,0
2404:6800:4003:c04::77,551,1193.7114337568057,QUIC,0
2404:6800:4003:c11::77,470,1209.2191489361703,QUIC,0
2404:6800:4003:c1a::77,37,970.7837837837837,QUIC,0
2404:6800:4009:801::2001,51,1115.2549019607843,TLSv1.3,0
2404:6800:4009:801::2002,36,806.4722222222222,QUIC,0
2404:6800:4009:801::2004,220,632.7409090909091,QUIC,0
2404:6800:4009:802::2001,53,737.1698113207547,TLSv1.3,0
2404:6800:4009:804::2001,138,931.8115942028985,QUIC,0
2404:6800:4009:805::2001,55,785.8,QUIC,0
2404:6800:4009:805::2002,61,551.0983606557377,QUIC,0
2404:6800:4009:805::200e,2599,1227.346671796845,QUIC,0
2404:6800:4009:806::200a,30,806.9,QUIC,0
2404:6800:4009:807::2001,95,1048.0315789473684,QUIC,0
2404:6800:4009:809::2003,30,623.6,QUIC,0
2404:6800:4009:80a::2002,33,609.0909090909091,QUIC,0
2404:6800:4009:80a::2003,60,1005.7666666666667,QUIC,0
2404:6800:4009:80a::2005,14,288.14285714285717,TCP,0
2404:6800:4009:80a::200a,71,409.3098591549296,QUIC,0
2404:6800:4009:80b::2003,233,935.0,QUIC,0
2404:6800:4009:80b::2008,222,1196.1306306306305,TLSv1.3,0
2404:6800:4009:80c::200e,308,515.2012987012987,QUIC,0
2404:6800:4009:80d::200e,59,428.2542372881356,QUIC,0
2404:6800:4009:812::200a,176,201.3465909090909,QUIC,0
2404:6800:4009:812::200e,865,1203.300578034682,TLSv1.3,0
2404:6800:4009:813::200a,123,988.390243902439,QUIC,0
2404:6800:4009:815::2002,274,508.62773722627736,QUIC,0
2404:6800:4009:81a::2002,80,578.35,QUIC,0
2404:6800:4009:81a::2003,134,816.9029850746268,QUIC,0
2404:6800:4009:81a::200e,72,1134.9444444444443,QUIC,0
2404:6800:4009:81c::2001,18,779.2777777777778,QUIC,0
2404:6800:4009:81d::200a,34,743.0882352941177,QUIC,0
2404:6800:4009:81d::200e,16,606.6875,TLSv1.3,0
2404:6800:4009:821::2001,65,729.7846153846153,TLSv1.3,0
2404:6800:4009:822::2001,13,482.46153846153845,QUIC,0
2404:6800:4009:822::2003,74,775.0675675675676,TLSv1.3,0
2404:6800:4009:822::200e,265,858.8943396226415,QUIC,0
2404:6800:4009:823::2002,82,764.390243902439,QUIC,0
2404:6800:4009:823::2008,221,1199.5656108597284,TLSv1.3,0
2404:6800:4009:823::200a,30,672.1,TLSv1.3,0
2404:6800:4009:823::200e,34,603.9411764705883,QUIC,0
2404:6800:4009:827::2002,631,718.6053882725832,QUIC,0
2404:6800:4009:827::200e,1501,1101.7608261159228,UDP,0
2404:6800:4009:828::2006,62,702.5967741935484,QUIC,0
2404:6800:4009:828::200a,78,810.3589743589744,QUIC,0
2404:6800:4009:829::2003,29,608.7241379310345,QUIC,0
2404:6800:4009:829::2005,4513,1095.5209395080878,TLSv1.3,0
2404:6800:4009:829::200a,20,546.05,TLSv1.3,0
2404:6800:4009:829::200e,176,859.3636363636364,QUIC,0
2404:6800:4009:82a::2002,74,822.5135135135135,QUIC,0
2404:6800:4009:82a::200a,86,632.1046511627907,QUIC,0
2404:6800:4009:82a::2011,34,583.2647058823529,QUIC,0
2404:6800:4009:82b::2002,152,331.29605263157896,QUIC,0
2404:6800:4009:82b::2003,26,587.9230769230769,QUIC,0
2404:6800:4009:830::2002,54,579.3333333333334,QUIC,0
2404:6800:4009:830::2003,34,789.9705882352941,QUIC,0
2404:6800:4009:830::200e,48,626.875,QUIC,0
2404:6800:4009:831::2001,58,663.9827586206897,QUIC,0
2404:6800:4009:831::200e,288,302.7326388888889,QUIC,0
2405:200:1606:1731::312c:7223,3105,1259.2486312399355,QUIC,0
2405:200:1606:1731::312c:7247,3918,1249.831036242981,QUIC,0
2405:200:1606:1731::312c:7258,878,929.7072892938496,TCP,0
2405:200:1606:1731::312c:7269,453,961.0706401766005,QUIC,0
2405:200:1606:1731::312c:726a,146,1264.7123287671234,TCP,0
2405:200:1606:1731::312c:7270,44,603.3409090909091,TCP,0
2405:200:1606:1731::312c:7271,3599,1253.228674631842,QUIC,0
2405:200:1606:1731::312c:7272,75,204.90666666666667,TCP,0
2405:200:1606:1731::312c:7279,225,461.74666666666667,QUIC,0
2405:200:1606:1731::312c:727a,90,483.2888888888889,TCP,0
2405:200:1606:1731::312c:72d0,45,1002.9111111111112,QUIC,0
2405:200:1606:1731::312c:72de,13,176.76923076923077,TLSv1.3,0
2405:200:1606:1731::312c:b013,225,798.0977777777778,QUIC,0
2405:200:1606:1731::312c:b03b,48,440.8333333333333,QUIC,0
2405:200:1606:1731::312c:b06b,1972,1475.406186612576,TLSv1.3,0
2405:200:1606:1731::312c:b0e8,13,473.6923076923077,TLSv1.3,0
2405:200:1606:1731::312c:b0e9,14,445.14285714285717,TCP,0
2405:200:1606:2885:face:b00c:3333:7020,20,114.45,TCP,0
2405:200:1630:885::11a6,51,402.6862745098039,QUIC,0
2405:200:1630:889::1e80,42,230.95238095238096,TLSv1.3,0
2405:200:1630:897::11a6,18,496.94444444444446,QUIC,0
2405:200:1630:897::2d54,45,783.2222222222222,TCP,0
2405:200:1630:a06::312c:c709,37,351.1621621621622,QUIC,0
2405:200:1630:a06::312c:c713,113,1027.8318584070796,QUIC,0
2405:200:1630:a06::312c:c73a,102,1083.6274509803923,QUIC,0
2405:200:1630:a06::312c:c748,12,342.0,QUIC,0
2405:200:1630:a06::312c:c769,13,322.0769230769231,QUIC,0
2405:200:1630:a06::312c:c772,279,981.0322580645161,QUIC,0
2405:200:1630:b45::10,2272,1269.650088028169,QUIC,0
2405:200:1630:b45::c,217,1238.8248847926268,QUIC,0
2405:200:1630:b45::e,915,1277.9464480874317,QUIC,0
2405:200:1630:b48::10,4575,1264.7809836065574,QUIC,0
2405:200:1630:bb9::10,241,1222.6846473029045,QUIC,0
2405:200:1630:bb9::11,226,1199.8982300884957,QUIC,0
2405:200:1630:bb9::d,317,1265.1671924290222,QUIC,0
2405:200:1630:bb9::e,11604,1269.4586349534643,QUIC,0
2405:200:1630:bb9::f,835,1239.674251497006,QUIC,0
2405:200:1630:ff63:face:b00c:3333:7020,18,118.94444444444444,TLSv1.3,0
2405:200:1630:ff64:face:b00c:3333:7020,18,118.94444444444444,TLSv1.3,0
2405:200:1630:ff65:face:b00c:3333:7020,19,116.63157894736842,TLSv1.3,0
2405:200:1630:ff66:face:b00c:3333:7020,20,114.5,TCP,0
2405:201:800c:785f:8c76:2c86:5a25:8edf,64727,244.83736307877703,QUIC,0
2405:201:800c:785f::c0a8:1d01,3656,179.2445295404814,DNS,0
2405:201:800c:785f:f2ed:b8ff:fe42:2fd6,11,86.0,ICMPv6,0
2406:2600:7:100::,25,288.16,TLSv1.3,0
2406:2600:7:100::15,157,1093.312101910828,TCP,0
2406:2600:7:100::1b,14,366.07142857142856,TCP,0
2406:2600:7:100::1f,24,1030.4166666666667,TCP,0
2406:2600:7:100::25,81,199.06172839506172,TCP,0
2406:2600:7:100::e,34,340.70588235294116,TCP,0
2406:8600:f03f:1fa::3000,20,414.6,TLSv1.3,0
2406:8600:f040:1fa::3000,20,424.3,TCP,0
2406:da18:929:5a03:2b7d:d4db:bf9a:9b8e,16,392.25,TLSv1.2,0
2406:da18:929:5a03:8d6e:d849:4eb5:b274,14,394.57142857142856,TCP,0
2406:da18:a99:1b02:10f4:6044:bfd4:d878,33,295.27272727272725,TCP,0
2406:da18:a99:1b02:2b29:7680:4b30:11d1,59,299.5762711864407,TCP,0
2406:da18:a99:1b02:2de6:dd2e:ad0e:627f,46,329.45652173913044,TCP,0
2406:da1a:b1c:f105:7076:671b:e52e:129a,83,786.855421686747,TCP,0
2600:140f:7:38a::11a6,270,189.76296296296297,QUIC,0
2600:140f:7:38f::11a6,95,231.50526315789475,QUIC,0
2600:140f:7:489::2763,12,460.25,TCP,0
2600:140f:7:490::1cba,22,590.0,TCP,0
2600:140f:7:492::2763,79,327.746835443038,TLSv1.3,0
2600:140f:7::1739:4c91,16,467.125,QUIC,0
2600:140f:7::17d4:a4e2,419,525.5871121718377,QUIC,0
2600:140f:7::17d4:a4f2,617,1317.4927066450566,QUIC,0
2600:1413:1::1730:a93a,18,395.6666666666667,TLSv1.3,0
2600:1901:0:38d7::,46,119.30434782608695,TCP,0
2600:1901:0:47fc::,196,379.80102040816325,QUIC,0
2600:1901:0:4d00::,17,148.1764705882353,TCP,0
2600:1901:0:5133::,26,271.0,TCP,0
2600:1901:0:712f::,33,419.8181818181818,TCP,0
2600:1901:0:92a9::,28,444.60714285714283,TCP,0
2600:1901:0:c47c::,52,514.0769230769231,TCP,0
2600:1901:0:e988::,84,499.04761904761904,TLSv1.3,0
2600:1901:1:7c5::,26,322.34615384615387,TLSv1.3,0
2600:1f18:24e6:b901:72e3:1bfe:b271:96b2,12,440.6666666666667,TCP,0
2600:1f18:24e6:b902:a46c:a4a6:87fe:c14c,22,456.40909090909093,TCP,0
2600:1f18:730:b110:6484:b83:5945:c23d,25,468.12,TCP,0
2600:9000:2003:0:b:8b2a:9b00:93a1,2028,1218.8574950690336,TCP,0
2600:9000:2003:9400:2:5624:e040:21,78,1168.1153846153845,TCP,0
2600:9000:20c7:1200:19:9934:6a80:93a1,13,511.46153846153845,TCP,0
2600:9000:20c7:8800:0:8034:1c40:93a1,21,601.4285714285714,QUIC,0
2600:9000:20c7:e400:11:f728:3040:93a1,16,378.25,TCP,0
2600:9000:20c7:fa00:8:8845:1500:93a1,52,1097.3653846153845,TCP,0
2600:9000:2156:1c00:1e:3212:c640:93a1,20,411.35,TCP,0
2600:9000:2156:3400:1e:3212:c640:93a1,14,143.57142857142858,TCP,0
2600:9000:2156:8400:1e:3212:c640:93a1,22,140.4090909090909,TCP,0
2600:9000:2156:9600:1e:3212:c640:93a1,29,587.7241379310345,TCP,0
2600:9000:2156:a600:1e:3212:c640:93a1,25,362.88,TCP,0
2600:9000:2156:ce00:1e:3212:c640:93a1,7,143.57142857142858,TCP,0
2600:9000:236e:3c00:1b:5b15:9a80:93a1,10,582.2,TCP,0
2600:9000:236e:4000:1b:5b15:9a80:93a1,25,535.64,TCP,0
2600:9000:253f:4c00:2:f41c:ca00:93a1,11,854.1818181818181,QUIC,0
2600:9000:2573:3200:7:c266:a140:21,13,583.6923076923077,TCP,0
2600:9000:2654:2800:4:5255:7540:93a1,13,497.9230769230769,TCP,0
2600:9000:2654:2a00:4:5255:7540:93a1,22,564.4090909090909,TCP,0
2600:9000:2654:3800:8:cf94:88c0:93a1,20,372.15,TCP,0
2600:9000:2654:8600:7:47bb:bac0:21,219,1240.9908675799086,TCP,0
2602:803:c006:158::65,24,346.2916666666667,TCP,0
2603:1040:a06:8::1f1,166,395.80120481927713,TCP,0
2603:1040:a06:8::1f2,49,554.6530612244898,TCP,0
2603:1046:2000:60::10,41,932.8780487804878,TCP,0
2603:1046:c04:1411::2,19,404.10526315789474,TCP,0
2603:1063:27:1::14,75,1360.4133333333334,TCP,0
2603:1063:27:2::14,43,509.90697674418607,TCP,0
2603:1063::6c,27,118.4074074074074,TLSv1.2,0
2606:4700:20::681a:502,11,743.2727272727273,QUIC,0
2606:4700:3030::6815:3b24,12,616.75,QUIC,0
2606:4700:3030::ac43:b754,188,999.4095744680851,QUIC,0
2606:4700:3031::6815:348c,12,619.75,QUIC,0
2606:4700:3031::6815:dbb,195,940.7641025641026,QUIC,0
2606:4700:3031::ac43:db29,11,491.8181818181818,QUIC,0
2606:4700:3032::6815:fe5,14,441.2142857142857,TCP,0
2606:4700:3032::ac43:d0fb,13,613.7692307692307,QUIC,0
2606:4700:3034::6815:35da,8,572.0,TCP,0
2606:4700:3035::6815:4dd3,41,697.0243902439024,TCP,0
2606:4700:3037::ac43:9396,3225,1196.4899224806202,QUIC,0
2606:4700:8d90:fe72:83d9:690:6810:4f49,21,614.6666666666666,TLSv1.3,0
2606:4700:8d90:fe72:83d9:692:6810:4f49,22,590.0454545454545,TCP,0
2606:4700:8d91:4dd:f4d9:692:2d4f:390d,13,640.1538461538462,QUIC,0
2606:4700:8d91:7a21:ecd9:b1:b4d8:d1e5,23,607.0434782608696,QUIC,0
2606:4700:8d91:b63f:3859:694:c59f:edea,17,561.0588235294117,QUIC,0
2606:4700:8d91:b63f:38d9:690:c59f:edea,31,528.2903225806451,QUIC,0
2606:4700:8d91:b63f:38d9:691:c59f:edea,14,575.7142857142857,QUIC,0
2606:4700:8d91:b63f:38d9:692:c59f:edea,38,502.0263157894737,QUIC,0
2606:4700:8d91:b63f:38d9:695:c59f:edea,48,499.7916666666667,QUIC,0
2606:4700:8d91:b63f:38d9:b1:c59f:edea,23,486.2173913043478,QUIC,0
2606:4700:8d91:b63f:38d9:ba:c59f:edea,27,575.5185185185185,QUIC,0
2606:4700:8d91:fa73:30d9:690:5451:e5ea,194,1282.5824742268042,TLSv1.3,0
2606:4700:8d91:fa73:30d9:695:5451:e5ea,15,566.5333333333333,TCP,0
2606:4700:8d92:4094:cc59:693:f9fb:48a1,15,464.6666666666667,TLSv1.3,0
2606:4700:8d92:4094:ccd9:695:f9fb:48a1,14,489.5,TCP,0
2606:4700:8d92:4094:ccd9:b1:f9fb:48a1,35,399.51428571428573,TCP,0
2606:4700:8d92:4094:ccd9:ba:f9fb:48a1,29,387.0344827586207,TCP,0
2606:4700:8d92:7cbc:c259:693:5ff2:75c4,40,451.7,TCP,0
2606:4700:8d92:7cbc:c2d9:690:5ff2:75c4,65,373.7846153846154,TCP,0
2606:4700:8d92:7cbc:c2d9:691:5ff2:75c4,287,271.6759581881533,TLSv1.3,0
2606:4700:8d92:7cbc:c2d9:693:5ff2:75c4,115,346.4782608695652,TCP,0
2606:4700:8d92:7cbc:c2d9:b1:5ff2:75c4,76,332.7105263157895,TCP,0
2606:4700:8d92:7cbc:c2d9:ba:5ff2:75c4,182,304.0989010989011,TLSv1.3,0
2606:4700:8d92:9819:3ed9:695:7aec:6522,26,711.4615384615385,TLSv1.3,0
2606:4700:8d92:98e3:bdd9:b1:895:a7f2,10,709.5,QUIC,0
2606:4700:8d92:fa42:31d9:690:6812:5e29,38,800.2894736842105,QUIC,0
2606:4700:8d93:3663:e7d9:ba:6812:562a,25,663.84,TLSv1.3,0
2606:4700:8d93:9436:47d9:b1:6810:aee2,138,1082.3695652173913,QUIC,0
2606:4700:8d93:a609:2d9:ba:67e7:2f03,23,348.5652173913044,TCP,0
2606:4700:8d94:da79:cbd9:ba:9fbb:557c,113,904.7345132743363,QUIC,0
2606:4700:8d94:e53:92d9:692:f93:c29a,20,487.2,TCP,0
2606:4700:8d94:e53:92d9:695:f93:c29a,22,474.22727272727275,TCP,0
2606:4700:8d97:46ac:ecd9:691:fa75:2f8b,29,721.7241379310345,TLSv1.3,0
2606:4700:8d97:b245:49d9:692:8661:fc3e,83,561.6265060240963,TLSv1.3,0
2606:4700:8d97:b245:49d9:ba:8661:fc3e,76,590.0394736842105,TCP,0
2606:4700:8d99:56dc:7dd9:b1:129f:553b,19,519.578947368421,TCP,0
2606:4700:8d99:98f4:66d9:690:6e60:4a9f,13,625.6923076923077,QUIC,0
2606:4700:8d99:98f4:66d9:695:6e60:4a9f,26,447.2692307692308,QUIC,0
2606:4700:8d99:98f4:66d9:b1:6e60:4a9f,11,618.4545454545455,QUIC,0
2606:4700:8d99:98f4:66d9:ba:6e60:4a9f,159,845.0188679245283,QUIC,0
2606:4700:8d99:9c24:bd9:692:d7ed:89ce,26,532.0,TCP,0
2606:4700:8d9b:c40:52d9:ba:6ed5:4c17,8,573.5,TCP,0
2606:4700::6810:84e5,9,529.7777777777778,QUIC,0
2606:4700::6812:1ac1,12,693.4166666666666,QUIC,0
2620:109:c002::6cae:a1f,27,467.77777777777777,TCP,0
2620:116:800e:21:46d:7e81:55ff:4c12,53,233.41509433962264,TCP,0
2620:116:800e:21:6c50:dbee:bef5:203d,15,356.26666666666665,TCP,0
2620:1ec:21::16,18,469.1666666666667,TCP,0
2620:1ec:33:1::10,203,467.3743842364532,TCP,0
2620:1ec:33:1::11,200,249.805,TCP,0
2620:1ec:33:1::12,67,348.14925373134326,TCP,0
2620:1ec:33::10,35,327.42857142857144,TCP,0
2620:1ec:33::11,394,244.88324873096445,TCP,0
2620:1ec:33::12,85,405.2470588235294,TCP,0
2620:1ec:bdf::58,408,1038.5980392156862,TCP,0
2620:1ec:bdf::72,96,1066.5,TCP,0
2a03:2880:f26b:1d2:face:b00c:0:167,186,133.40322580645162,TCP,0
2a03:2880:f33d:120:face:b00c:0:167,20,115.8,TCP,0
2a03:2880:f346:120:face:b00c:0:167,8384,734.9125715648855,TCP,0
2a03:2880:f347:120:face:b00c:0:167,3879,1427.937354988399,TLSv1.3,0
2a04:4e42:59::300,30,351.2,TCP,0
2a04:4e42:59::347,634,1314.2586750788644,TLSv1.3,0
3.0.35.227,27,420.44444444444446,TLSv1.2,0
3.108.188.69,13,418.9230769230769,TLSv1.3,0
3.108.240.124,23,407.60869565217394,TLSv1.3,0
3.164.36.105,8,740.625,TCP,0
3.164.36.123,5,397.8,TCP,0
3.164.36.72,14,527.0714285714286,TCP,0
3.211.67.45,23,660.9565217391304,TCP,0
3.233.158.26,12,66.0,TCP,0
3.33.220.150,32,394.71875,TCP,0
3.94.46.9,24,446.3333333333333,TCP,0
34.107.221.82,28,100.71428571428571,TCP,0
34.107.243.93,41,192.17073170731706,TCP,0
34.110.138.217,98,580.795918367347,TCP,0
34.111.113.62,48,561.4583333333334,TCP,0
34.120.195.249,44,404.95454545454544,QUIC,0
34.120.208.123,101,176.93069306930693,TCP,0
34.149.100.209,66,848.8787878787879,TLSv1.2,0
34.160.144.191,53,588.8867924528302,TCP,0
34.212.14.220,146,215.6917808219178,TCP,0
34.215.35.62,25,342.92,TCP,0
34.241.56.170,17,360.0,TLSv1.2,0
34.242.188.45,12,484.5,TCP,0
34.36.137.203,44,478.15909090909093,TCP,0
34.36.151.3,16,482.25,TCP,0
34.36.200.111,32,397.40625,TCP,0
34.36.216.150,31,373.8709677419355,QUIC,0
34.49.51.44,16,317.4375,TCP,0
34.95.103.74,17,466.5882352941176,TCP,0
35.186.253.211,18,294.6111111111111,TCP,0
35.190.122.228,59,952.5254237288135,QUIC,0
35.190.72.216,11,562.3636363636364,QUIC,0
35.190.80.1,14,66.0,TCP,0
35.207.221.200,16,650.625,TCP,0
35.212.104.44,115,526.4347826086956,TCP,0
35.213.17.49,52,339.96153846153845,TCP,0
35.213.183.23,11,325.27272727272725,TCP,0
35.213.188.76,18,322.1111111111111,TCP,0
35.213.7.90,14,345.57142857142856,TCP,0
35.244.154.8,9,805.4444444444445,TCP,0
35.244.159.8,39,412.2564102564103,TCP,0
35.244.181.201,10,438.4,TCP,0
35.244.193.51,17,382.05882352941177,TCP,0
37.230.131.76,15,538.3333333333334,TCP,0
4.213.25.242,8,105.75,TCP,0
40.119.213.159,55,624.2363636363636,TCP,0
43.250.0.199,44,639.7727272727273,TCP,0
43.250.0.64,25,1132.08,TCP,0
44.239.3.151,16,380.25,TCP,0
49.44.176.138,13,447.0,TCP,0
49.44.180.162,21,92.57142857142857,TCP,0
49.44.199.74,59,971.0,TCP,0
49.44.233.32,21,92.52380952380952,TCP,0
49.44.237.224,150,1249.34,TCP,0
50.31.142.63,132,504.06060606060606,TLSv1.3,0
51.105.71.137,18,454.22222222222223,TLSv1.3,0
51.132.193.105,77,182.33766233766235,TCP,0
51.75.205.62,8,502.5,TCP,0
51.79.154.29,14,335.92857142857144,TLSv1.3,0
51.79.81.36,253,1459.4387351778655,TLSv1.3,0
52.123.164.71,39,89.6923076923077,TLSv1.2,0
52.123.170.77,32,92.25,TLSv1.2,0
52.123.173.237,25,98.2,TLSv1.2,0
52.139.252.32,226,656.0486725663717,TCP,0
52.140.118.28,10,490.5,TCP,0
52.168.117.168,79,496.8101265822785,TCP,0
52.168.117.174,112,202.14285714285714,TCP,0
52.182.143.208,41,558.1951219512196,TCP,0
52.182.143.209,10,750.4,TCP,0
52.182.143.210,105,518.3428571428572,TCP,0
52.182.143.213,217,415.2073732718894,TCP,0
52.182.143.215,108,388.6296296296296,TCP,0
52.187.79.109,33,71.3030303030303,TCP,0
52.192.153.221,15,466.3333333333333,TLSv1.2,0
52.221.253.165,23,486.1304347826087,TLSv1.3,0
52.223.2.229,30,491.1,TCP,0
52.223.40.198,29,443.3103448275862,TCP,0
52.231.230.148,226,568.6238938053098,TCP,0
52.242.103.142,142,629.5281690140845,TCP,0
54.151.166.244,21,304.7142857142857,TCP,0
54.173.67.142,23,464.39130434782606,TCP,0
54.179.248.43,23,456.2608695652174,TCP,0
54.183.38.48,26,435.38461538461536,TLSv1.2,0
54.192.149.25,5,394.8,TCP,0
54.192.151.18,73,356.71232876712327,TCP,0
54.192.151.59,82,141.4878048780488,TCP,0
54.192.151.62,30,332.73333333333335,TCP,0
54.192.151.80,15,455.2,TLSv1.3,0
54.192.151.83,20,671.75,TCP,0
54.192.151.84,33,289.8787878787879,TCP,0
54.254.248.249,13,66.0,TCP,0
54.80.228.157,22,345.0,TCP,0
57.129.18.109,12,446.75,TCP,0
57.144.143.32,51,1094.862745098039,TLSv1.3,0
57.144.143.33,818,153.16992665036676,TCP,0
64.38.144.115,110,706.0545454545454,TCP,0
64.38.144.116,68,970.5588235294117,TCP,0
64.74.236.223,40,471.725,TLSv1.3,0
65.9.66.36,28,355.42857142857144,TCP,0
66.117.22.190,39,210.7948717948718,TCP,0
67.199.150.81,74,427.02702702702703,TCP,0
67.199.150.86,13,443.84615384615387,TLSv1.3,0
67.199.150.87,16,340.625,TCP,0
69.173.158.64,16,630.875,TCP,0
70.42.32.127,46,446.6304347826087,TCP,0
70.42.32.223,109,503.5963302752294,TLSv1.3,0
72.44.51.243,34,613.4117647058823,TCP,0
74.121.143.240,16,570.125,TCP,0
80.77.84.96,27,508.25925925925924,TCP,0
95.100.6.18,30,574.8333333333334,TCP,0
98.82.157.231,24,631.875,TCP,0
CloudNetwork_35:6d:31,45,42.0,ARP,0
HikvisionDig_14:67:87,186,60.0,ARP,0
ServercomPri_42:2f:d6,1399,42.27019299499643,ARP,0
fe80::1f24:6b58:9a77:58db,15,90.0,ICMPv6,0
fe80::2613:bf9c:8a0b:b983,12,90.0,ICMPv6,0
fe80::acf1:8f47:9479:100e,65,203.3846153846154,MDNS,0
fe80::f2ed:b8ff:fe42:2fd6,111,113.02702702702703,ICMPv6,0
